timestamp,v_x,w_z
1715420027.566489963,2.11662,0.050187
1715420027.616450870,2.10062,0.0404117
1715420027.666431733,2.02946,0.0147944
1715420027.716445314,2.07671,0.0327247
1715420027.766433091,2.10093,0.0412418
1715420027.816491028,2.08481,0.0352807
1715420027.866428428,2.05724,0.0335492
1715420027.916437051,2.07544,0.0347713
1715420027.966430895,2.09538,0.0515793
1715420028.016462270,2.08197,0.0398242
1715420028.066522862,2.06283,0.0457304
1715420028.116473149,2.07543,0.0416322
1715420028.166448917,2.09361,0.010202
1715420028.216468723,2.08141,0.032204
1715420028.266428105,2.1209,0.0423922
1715420028.316440150,2.09461,0.0352793
1715420028.366484008,2.09399,0.0821356
1715420028.416467129,2.09437,0.0493564
1715420028.466433322,2.03291,-0.0504538
1715420028.516468943,2.07356,0.0194149
1715420028.566432778,2.12188,0.0915897
1715420028.616493610,2.08968,0.0410913
1715420028.666436336,2.04431,-0.0619681
1715420028.716458194,2.0726,0.0101599
1715420028.766445942,2.07051,0.101843
1715420028.816426147,2.07159,0.0376687
1715420028.866529063,2.12651,-0.0169995
1715420028.916487989,2.08979,0.021263
1715420028.966459442,2.08643,0.0353865
1715420029.016462658,2.08877,0.0255113
1715420029.066431652,2.09784,0.108653
1715420029.116495228,2.09187,0.0504791
1715420029.166489324,2.03434,0.0254035
1715420029.216433278,2.07265,0.0429828
1715420029.266425364,2.14687,0.0834924
1715420029.316463166,2.09763,0.0551669
1715420029.366493305,2.07377,0.0841382
1715420029.416426113,2.0898,0.0638755
1715420029.466433394,2.10854,-0.00998408
1715420029.516499763,2.0961,0.04171
1715420029.566444200,2.08903,0.105984
1715420029.616463604,2.09376,0.0610269
1715420029.666428961,2.09468,-0.051918
1715420029.716458221,2.09428,0.0271379
1715420029.766507263,2.10492,0.0943934
1715420029.816457435,2.098,0.0473363
1715420029.866459028,2.09075,0.0101788
1715420029.916437116,2.09571,0.0362059
1715420029.966481305,2.03232,0.0638683
1715420030.016455931,2.07434,0.0445155
1715420030.066440232,2.13653,-0.0276635
1715420030.116431610,2.09528,0.0228698
1715420030.166527117,2.09835,0.0781479
1715420030.216447831,2.09651,0.0394753
1715420030.266427394,2.02655,0.0157168
1715420030.316449311,2.07293,0.0323356
1715420030.366436501,2.07824,0.0506909
1715420030.416444759,2.0745,0.0378521
1715420030.466432834,2.1195,0
1715420030.516428113,2.0895,0.026507
1715420030.566479731,2.075,0.0773667
1715420030.616460294,2.0845,0.041766
1715420030.666576031,2.11059,0.0399095
1715420030.716457051,2.09344,0.0412183
1715420030.766479252,2.07991,0.0209693
1715420030.816456274,2.08901,0.035143
1715420030.866455205,2.11439,-0.00763567
1715420030.916430041,2.09777,0.0222949
1715420030.966478076,2.07423,0.077054
1715420031.016462307,2.09005,0.038721
1715420031.066434710,2.08046,0.0409491
1715420031.116460554,2.08701,0.0393866
1715420031.166454556,2.10316,-0.021157
1715420031.216464574,2.09254,0.0212107
1715420031.266434509,2.10259,0.066298
1715420031.316436394,2.09592,0.034736
1715420031.366480822,2.08361,0.0814209
1715420031.416467310,2.09179,0.0487405
1715420031.466430191,2.10377,-0.0271109
1715420031.516474044,2.09607,0.0259923
1715420031.566456401,2.08009,0.0671328
1715420031.616468456,2.09076,0.0383311
1715420031.666431082,2.10361,0.084536
1715420031.716477120,2.0953,0.05224
1715420031.766457079,2.04954,0.0568975
1715420031.816473395,2.08012,0.053655
1715420031.866416171,2.12981,0.022105
1715420031.916463198,2.09673,0.0442157
1715420031.966455000,2.09006,0.0890247
1715420032.016469149,2.09455,0.0576945
1715420032.066432655,2.09033,0.0194885
1715420032.116439592,2.09312,0.0462275
1715420032.166482103,2.11101,0.0311035
1715420032.216434433,2.09938,0.0416885
1715420032.266460621,2.08132,0.0330146
1715420032.316439514,2.09328,0.0390678
1715420032.366495350,2.09114,0.0836737
1715420032.416440727,2.09257,0.0524364
1715420032.466437814,2.05727,-0.0762816
1715420032.516472466,2.08058,0.0137892
1715420032.566526227,2.10108,0.0576593
1715420032.616475711,2.08731,0.0269115
1715420032.666461222,2.05091,0.0514231
1715420032.716469579,2.07491,0.034273
1715420032.766448701,2.14639,0.0509248
1715420032.816481663,2.09873,0.0392593
1715420032.866476677,2.04919,-0.00956981
1715420032.916517189,2.08204,0.0245974
1715420032.966436125,2.06813,0.0387235
1715420033.016465205,2.07743,0.0288175
1715420033.066429036,2.09011,0.0206463
1715420033.116469315,2.08147,0.0263701
1715420033.166459188,2.05913,0.0583182
1715420033.216455901,2.07374,0.0359506
1715420033.266432563,2.10925,-0.02531
1715420033.316487168,2.08573,0.0175557
1715420033.366456370,2.08251,0.0772626
1715420033.416466431,2.08477,0.0354652
1715420033.466450164,2.1109,-0.0558619
1715420033.516478862,2.09352,0.00804623
1715420033.566483501,2.09952,0.127589
1715420033.616461808,2.09564,0.0439116
1715420033.666425973,2.09071,-0.154174
1715420033.718327725,2.09399,-0.0155784
1715420033.766491498,2.07112,0.139941
1715420033.816440899,2.08632,0.0310729
1715420033.866456183,2.09797,0.0855022
1715420033.916465515,2.0901,0.0474303
1715420033.966459570,2.11586,0.0973475
1715420034.016450353,2.09879,0.0624325
1715420034.066434754,2.06751,0.0283542
1715420034.116455006,2.08838,0.0522236
1715420034.166455133,2.12126,-0.0402004
1715420034.216455304,2.09942,0.0245002
1715420034.266435757,2.06303,0.0358011
1715420034.316470108,2.08718,0.0278828
1715420034.366510031,2.10722,0.0895234
1715420034.416458759,2.09389,0.0463723
1715420034.466435592,2.09163,-0.0179235
1715420034.516469125,2.0931,0.0270849
1715420034.566458221,2.0346,0.0829559
1715420034.616464099,2.07339,0.0438525
1715420034.666449496,2.14784,-0.0197554
1715420034.716432298,2.09825,0.0247392
1715420034.766452886,2.02601,0.0274955
1715420034.816462672,2.07411,0.0255344
1715420034.866510962,2.12637,0.11513
1715420034.916462712,2.2,0.00471653
1715420034.966433832,1.95,-0.0245719
1715420035.016441252,2.08305,0.0192581
1715420035.066441521,2.07745,0.0751238
1715420035.116431028,2.08102,0.0360066
1715420035.166467018,2.12293,0.0583888
1715420035.216463150,2.09496,0.0427228
1715420035.266446449,2.04284,-0.0431946
1715420035.316473778,2.07736,0.0169229
1715420035.366457575,2.06964,0.0660732
1715420035.416458769,2.07456,0.0316448
1715420035.466479134,2.1385,0.0615402
1715420035.516477625,2.09601,0.0406442
1715420035.566458485,2.10575,0.0150478
1715420035.616533263,2.09944,0.0329724
1715420035.666437853,2.0331,0.0763893
1715420035.716485226,2.07729,0.046011
1715420035.766455201,2.14206,-0.0320386
1715420035.816469305,2.09899,0.0225775
1715420035.866432161,2.03095,0.0984329
1715420035.916597133,2.07614,0.0453578
1715420035.966448903,2.08378,0.0519298
1715420036.016470979,2.07867,0.0473506
1715420036.066467944,2.06554,-0.0209944
1715420036.116465063,2.07421,0.0268478
1715420036.166442863,2.13141,0.0539856
1715420036.216434603,2.09347,0.0349882
1715420036.266434272,2.08719,0.0843445
1715420036.316433830,2.09149,0.0498318
1715420036.366447334,2.11292,-0.105154
1715420036.416467500,2.09879,0
1715420036.466464375,2.06996,0.127578
1715420036.516464930,2.08915,0.0406202
1715420036.566463949,2.09169,0.0476551
1715420036.616486942,2.08992,0.0427294
1715420036.666466557,2.05648,-0.0196982
1715420036.716500895,2.07856,0.0240459
1715420036.766446796,2.13186,-0.0132923
1715420036.816464777,2.0964,0.0128237
1715420036.866432348,2.0331,0.120498
1715420036.916438902,2.07512,0.0451234
1715420036.966468197,2.09187,0.0129079
1715420037.016434915,2.08051,0.0354282
1715420037.066435760,2.1231,0.0429367
1715420037.116473275,2.09473,0.0376644
1715420037.166568404,2.10155,0.00451687
1715420037.216468611,2.09702,0.0277239
1715420037.266435444,2.08839,0.0631725
1715420037.316453535,2.09416,0.0383704
1715420037.366461350,2.046,0.00957374
1715420037.416531939,2.07793,0.0297126
1715420037.466452979,2.12886,0.0484095
1715420037.516439944,2.09492,0.0353311
1715420037.566429671,2.08303,0.0132886
1715420037.616525593,2.09107,0.0287013
1715420037.666481181,2.11318,0.0478864
1715420037.716461450,2.09856,0.0344679
1715420037.766492706,2.04195,0.0684338
1715420037.816441371,2.07962,0.0446794
1715420037.866434465,2.13029,0.0150348
1715420037.916460952,2.09665,0.0357767
1715420037.966434915,2.03118,0.0213865
1715420038.016435071,2.07343,0.0314734
1715420038.066435311,2.07561,0.131254
1715420038.116470865,2.0741,0.0614362
1715420038.166425548,2.14553,-0.0114498
1715420038.216434732,2.09798,0.0395667
1715420038.266429843,2.09386,0.0153935
1715420038.316445016,2.09687,0.032332
1715420038.366489357,2.03626,0.0225757
1715420038.416459389,2.07671,0.0294024
1715420038.466447538,2.06367,0.0430574
1715420038.516434257,2.07209,0.0334906
1715420038.566435465,2.13001,0.0681288
1715420038.616475018,2.09133,0.0438943
1715420038.666450260,2.10931,0.0101078
1715420038.716471169,2.0976,0.0337443
1715420038.766431450,2.07145,0.0285899
1715420038.816466990,2.08878,0.0322087
1715420038.866431612,2.1072,0.0332373
1715420038.916461587,2.09518,0.0325026
1715420038.966464001,2.09688,0.0157109
1715420039.016465366,2.09598,0.0274425
1715420039.066431248,2.10289,0.118913
1715420039.116571113,2.0986,0.0549153
1715420039.166435278,2.02677,-0.0734583
1715420039.216467180,2.07443,0.0163821
1715420039.266435972,2.13667,0.0725615
1715420039.316476922,2.09524,0.0332171
1715420039.366450139,2.06931,0.0318063
1715420039.416462047,2.08647,0.0328272
1715420039.466429546,2.11986,0.0422346
1715420039.516438237,2.09773,0.0356438
1715420039.566488864,2.08976,0.010283
1715420039.616461177,2.09515,0.0280189
1715420039.666444281,2.07656,0.0960418
1715420039.716476023,2.0891,0.0484534
1715420039.766458081,2.11077,-0.0427955
1715420039.816463756,2.09634,0.0210881
1715420039.866435617,2.03405,0.0652934
1715420039.916437332,2.07559,0.0343374
1715420039.966447421,2.13335,0.02661
1715420040.016462364,2.09503,0.0320153
1715420040.066448986,2.06679,0.0387719
1715420040.116439116,2.08551,0.0340381
1715420040.166462367,2.10101,0.060202
1715420040.216433230,2.0906,0.0419033
1715420040.266434532,2.04437,-0.0233135
1715420040.316471020,2.07496,0.02232
1715420040.366467089,2.07462,0.0622259
1715420040.416460411,2.07482,0.0342969
1715420040.466445213,2.10835,0.0193336
1715420040.516472071,2.08589,0.0298016
1715420040.566466789,2.08426,-0.0432184
1715420040.616464628,2.08529,0.00787193
1715420040.666469970,2.08196,0.121218
1715420040.716464585,2.08402,0.0418842
1715420040.766430229,2.10655,0.0341199
1715420040.816433322,2.09169,0.039549
1715420040.866434195,2.08063,0.0549443
1715420040.916445919,2.08791,0.0441771
1715420040.966497018,2.12181,-0.0137098
1715420041.016461118,2.09953,0.0268058
1715420041.066439422,2.08089,0.0551202
1715420041.116471442,2.09354,0.0352705
1715420041.166430948,2.09102,0.0202348
1715420041.216521844,2.09262,0.0307499
1715420041.266442313,2.0366,0.00813083
1715420041.316480966,2.07365,0.0239548
1715420041.366441267,2.06965,-0.0102458
1715420041.416476215,2.07225,0.0136769
1715420041.466441322,2.14314,0.0523681
1715420041.516474411,2.09617,0.0252751
1715420041.566452606,2.10398,0.0598395
1715420041.616531263,2.09885,0.0356352
1715420041.666565024,2.07042,0.0139918
1715420041.716451415,2.08926,0.0291371
1715420041.766437502,2.09612,0.0133225
1715420041.816494969,2.09157,0.0243841
1715420041.866456333,2.08045,0.0443773
1715420041.916432523,2.08777,0.0303798
1715420041.966426209,2.07616,0.0253037
1715420042.016463182,2.08374,0.0288587
1715420042.066431199,2.09813,0.0119915
1715420042.116467560,2.08842,0.0237635
1715420042.166468301,2.05315,0.0552907
1715420042.216544991,2.07669,0.0332409
1715420042.266468183,2.07394,-0.0391886
1715420042.316465968,2.07554,0.0114876
1715420042.366431735,2.13043,0.0794397
1715420042.416462919,2.09393,0.0318724
1715420042.466432732,2.02827,0.0374866
1715420042.516470768,2.07173,0.0335545
1715420042.566431676,2.07167,0.0757807
1715420042.616455968,2.07143,0.0462432
1715420042.666477706,2.08973,0
1715420042.716475520,2.0774,0.0332206
1715420042.766433810,2.13593,0.0290174
1715420042.816462565,2.09694,0.0319722
1715420042.866437407,2.03161,0.0393689
1715420042.916434450,2.07518,0.0341913
1715420042.966430705,2.13311,-0.00921687
1715420043.016455975,2.0945,0.0211567
1715420043.066449114,2.08639,0.0610443
1715420043.116466791,2.0919,0.0331222
1715420043.166429660,2.11135,-0.0118259
1715420043.216443673,2.0985,0.0196128
1715420043.266445325,2.09026,0.0272325
1715420043.316470786,2.09602,0.0218985
1715420043.366431228,2.08626,0.0614274
1715420043.416502964,2.093,0.0337568
1715420043.466430138,2.11124,-0.0992888
1715420043.516473555,2.09925,-0.0061974
1715420043.566425910,2.06728,0.141977
1715420043.616423405,2.08863,0.0382895
1715420043.666428249,2.09395,0
1715420043.716427494,2.09048,0.0277102
1715420043.766491455,2.06235,0.0738821
1715420043.816466959,2.08097,0.0415643
1715420043.866445145,2.13843,0.037781
1715420043.916538447,2.10027,0.0404253
1715420043.966479180,2.02465,0.0253319
1715420044.016457159,2.07476,0.0359079
1715420044.066431245,2.13973,0.122063
1715420044.116505565,2.09646,0.0617845
1715420044.166455049,2.10332,-0.0573424
1715420044.216457991,2.09883,0.0260412
1715420044.266431581,2.02195,0.0853641
1715420044.316457797,2.0732,0.0438608
1715420044.366464922,2.14346,-0.0262995
1715420044.416471380,2.09692,0.0228231
1715420044.466430644,2.03391,0.0664044
1715420044.516479102,2.07567,0.0359096
1715420044.566434709,2.0735,0.0124201
1715420044.616465151,2.07465,0.0288551
1715420044.666430815,2.14394,0.0966114
1715420044.716459586,2.09786,0.0492047
1715420044.766479756,2.09411,-0.0551647
1715420044.816461944,2.09668,0.0178865
1715420044.866430440,2.03001,0.0596085
1715420044.916458670,2.0743,0.0304032
1715420044.966473835,2.11777,0.0747167
1715420045.016486245,2.08885,0.043714
1715420045.066429455,2.09615,0
1715420045.116459615,2.09132,0.0307434
1715420045.166472817,2.04572,0.00551555
1715420045.216440320,2.07611,0.0231636
1715420045.266425269,2.06645,0.0508802
1715420045.316431880,2.07286,0.0315012
1715420045.366433883,2.09612,0.0332977
1715420045.416484477,2.08044,0.0320402
1715420045.466428432,2.10602,0.0625277
1715420045.516431427,2.08918,0.041195
1715420045.566436030,2.11039,0.0934393
1715420045.616462078,2.09655,0.0568802
1715420045.666433460,2.10747,0.013544
1715420045.716461170,2.10046,0.0438913
1715420045.766431623,2.08929,0.0369474
1715420045.816431580,2.09671,0.0418192
1715420045.866431550,2.04373,0.0274925
1715420045.916466176,2.07908,0.0375248
1715420045.966436412,2.08992,0.00702874
1715420046.016465502,2.08253,0.028384
1715420046.066424810,2.1255,0.0667504
1715420046.116464784,2.0969,0.0399014
1715420046.166511990,2.07729,-0.0117569
1715420046.216607464,2.09024,0.0244091
1715420046.266425253,2.03896,0.0899213
1715420046.316430459,2.07285,0.0440877
1715420046.366450777,2.14288,0.0639299
1715420046.416474006,2.09623,0.0500585
1715420046.466428793,2.089,0.0518882
1715420046.516459127,2.09376,0.0506715
1715420046.566461233,2.08613,0.0313935
1715420046.616479015,2.09125,0.0448952
1715420046.666423163,2.05175,0.103855
1715420046.716462085,2.07793,0.0626221
1715420046.766500865,2.08855,0.0117065
1715420046.816451202,2.08148,0.0473535
1715420046.866428798,2.13065,0.0289118
1715420046.916450980,2.09785,0.0418221
1715420046.966543795,2.09111,-0.020489
1715420047.016468678,2.09586,0.0231138
1715420047.066427828,2.04992,0.104159
1715420047.116473614,2.08035,0.0474108
1715420047.166506638,2.12357,0
1715420047.216552393,2.09471,0.0327848
1715420047.266464295,2.07881,0.0478862
1715420047.316454066,2.08961,0.0373075
1715420047.366454994,2.10823,0.0213139
1715420047.416504989,2.09581,0.03252
1715420047.466427235,2.08323,0.108663
1715420047.516466711,2.09181,0.0553845
1715420047.566442842,2.11515,-0.0138062
1715420047.616426440,2.0999,0.0346335
1715420047.666432212,2.03169,0.0881097
1715420047.716500214,2.0769,0.0506777
1715420047.766479483,2.06751,0.0224734
1715420047.816461574,2.07348,0.0422436
1715420047.866935581,2.14711,0.108474
1715420047.916466428,2.09832,0.0621483
1715420047.966465024,2.08391,-0.0475121
1715420048.016462140,2.09357,0.0292334
1715420048.066512291,2.06547,0.105081
1715420048.116449166,2.2,0
1715420048.166486694,1.95,0.0652733
1715420048.216470410,2.09744,0.0450283
1715420048.266438236,2.10708,0.0316211
1715420048.316499661,2.10095,0.0410165
1715420048.366521280,2.02586,0.073972
1715420048.416434788,2.07587,0.0509241
1715420048.466515640,2.08633,0.0197723
1715420048.516494899,2.07924,0.0415785
1715420048.566656920,2.12797,0.078436
1715420048.616488848,2.09548,0.0526305
1715420048.666597768,2.07474,0.0286732
1715420048.716481759,2.08841,0.0454446
1715420048.766531853,2.1223,0.0212817
1715420048.816435808,2.09971,0.0381912
1715420048.866930182,2.10053,0.130926
1715420048.916467618,2.10013,0.0660435
1715420048.966480852,2.039,-0.0250277
1715420049.016455887,2.07972,0.0387334
1715420049.066464225,2.07056,0.0476827
1715420049.116461628,2.07646,0.0414195
1715420049.166466172,2.07381,0.0102057
1715420049.216457037,2.07534,0.0320636
1715420049.266463894,2.14415,0.0450267
1715420049.316518545,2.09848,0.0359429
1715420049.366506449,2.06221,0.0381064
1715420049.416429439,2.08636,0.0365763
1715420049.466429261,2.11233,0.0510475
1715420049.516513375,2.09499,0.0409063
1715420049.566458534,2.11513,0.0449797
1715420049.616460333,2.1018,0.042125
1715420049.666427826,2.08862,0.0593153
1715420049.716469795,2.09755,0.0472645
1715420049.766463392,2.05535,0.0687985
1715420049.816461314,2.0835,0.0537318
1715420049.866427975,2.06963,0.072328
1715420049.916484044,2.07869,0.0593303
1715420049.966430065,2.14856,-0.0523631
1715420050.016431840,2.10202,0.0258252
1715420050.066447698,2.0736,0.0992912
1715420050.116527142,2.09259,0.0478653
1715420050.166436924,2.10271,-0.0046499
1715420050.216467281,2.09602,0.0321097
1715420050.266448402,2.09966,0.0736113
1715420050.316474807,2.09727,0.0445682
1715420050.366450384,2.05269,0.0279529
1715420050.416427292,2.08225,0.0395914
1715420050.466432466,2.12578,0
1715420050.516452469,2.09677,0.0266384
1715420050.566427596,2.11699,0.114325
1715420050.616462897,2.10358,0.0529651
1715420050.666460574,2.0852,0.0645669
1715420050.716465292,2.09757,0.056452
1715420050.766430933,2.07938,0.0399782
1715420050.816460035,2.09169,0.0515202
1715420050.866425760,2.1157,0.0109473
1715420050.916463949,2.0998,0.0393224
1715420050.966436184,2.10109,0.0450757
1715420051.016465630,2.10026,0.0410616
1715420051.066431001,2.09623,0.0557834
1715420051.116489690,2.09903,0.0454811
1715420051.166435033,2.03067,0.056221
1715420051.216468590,2.07478,0.0487072
1715420051.266435814,2.07556,0.0274197
1715420051.316462959,2.07474,0.0423223
1715420051.366453794,2.11708,-0.0046862
1715420051.416455827,2.08904,0.028194
1715420051.466439826,2.08346,0.0992471
1715420051.516464561,2.0873,0.0495189
1715420051.566519138,2.11612,-0.0153658
1715420051.616443950,2.09695,0.0300279
1715420051.666430435,2.02687,0.162623
1715420051.716460485,2.07342,0.069834
1715420051.766435764,2.10962,0
1715420051.816486795,2.08533,0.0479711
1715420051.866470182,2.09453,-0.00803652
1715420051.916511787,2.08828,0.0311293
1715420051.966450772,2.06297,0.0260185
1715420052.016467543,2.07987,0.0295858
1715420052.066464632,2.13684,0.0180629
1715420052.116460880,2.09916,0.0261116
1715420052.166429930,2.02083,0.0693327
1715420052.216457181,2.07304,0.039086
1715420052.266446329,2.07264,0.0824112
1715420052.316463540,2.0726,0.0521019
1715420052.366484060,2.07604,0.0169553
1715420052.416470341,2.07362,0.0415637
1715420052.466440026,2.14923,0.0452655
1715420052.516464760,2.09889,0.0426762
1715420052.566457935,2.03049,0.0192019
1715420052.616464002,2.0758,0.0356266
1715420052.666436972,2.11321,0.105292
1715420052.716460985,2.08818,0.0565368
1715420052.766457593,2.07923,-0.00974015
1715420052.816488152,2.08525,0.0366344
1715420052.866430797,2.05622,0.151509
1715420052.916439974,2.07556,0.0711101
1715420052.966429963,2.09563,0
1715420053.016457953,2.08204,0.049955
1715420053.066460345,2.05215,0.0527626
1715420053.116517830,2.09133,-0.00823902
1715420053.166431192,2.07827,0.0330811
1715420053.216439672,2.07816,0.0330818
1715420053.266429685,2.06006,0.0903903
1715420053.316424142,2.07185,0.0502808
1715420053.366427799,2.08344,0.0526549
1715420053.416446493,2.07567,0.051006
1715420053.466568378,2.1453,-0.0202089
1715420053.516470398,2.09895,0.0296449
1715420053.566425689,2.05488,0.0569508
1715420053.616476465,2.08406,0.0378195
1715420053.666430431,2.13162,0.0468206
1715420053.716455574,2.09999,0.0405018
1715420053.766432623,2.08863,0.0762353
1715420053.816457059,2.09631,0.0512215
1715420053.866566201,2.02776,0.0389172
1715420053.916463488,2.07318,0.0475395
1715420053.966440147,2.10262,0.0227082
1715420054.016451425,2.08283,0.0400891
1715420054.066466492,2.09051,0.0316239
1715420054.116430070,2.08528,0.0375405
1715420054.166456446,2.04536,0.0310514
1715420054.216466688,2.07197,0.035579
1715420054.266427329,2.13547,0.0588265
1715420054.316433103,2.09339,0.0425536
1715420054.366453677,2.09311,0.0716965
1715420054.416461095,2.09338,0.0513226
1715420054.466457399,2.07089,-0.0237082
1715420054.516468289,2.08589,0.0287899
1715420054.566438034,2.11245,0.0129716
1715420054.616462160,2.09475,0.0240376
1715420054.666429070,2.02546,0.0339894
1715420054.716433406,2.07165,0.0269747
1715420054.766460606,2.12744,0.0960182
1715420054.816448701,2.09034,0.0476875
1715420054.866443066,2.11334,-0.010171
1715420054.916440672,2.09815,0.0303292
1715420054.966449882,2.0856,0.0553363
1715420055.016455270,2.09416,0.0378407
1715420055.066655784,2.0828,0.11488
1715420055.116433313,2.09028,0.0609919
1715420055.166469406,2.08957,-0.0741015
1715420055.216427904,2.09028,0.0204428
1715420055.266435121,2.09148,0.0406846
1715420055.316459846,2.09092,0.0264864
1715420055.366473748,2.0625,0.0873782
1715420055.416461770,2.08155,0.0447576
1715420055.466520623,2.11309,0.0136258
1715420055.516460440,2.09199,0.0354099
1715420055.566456368,2.03146,0.0458678
1715420055.616456415,2.2,-0.00390589
1715420055.666462015,1.95,0.0954988
1715420055.716463056,2.07453,0.046704
1715420055.766438322,2.13015,0.103756
1715420055.816428739,2.09314,0.0638505
1715420055.866755611,2.10909,0.0176683
1715420055.916475896,2.09867,0.0499719
1715420055.966496666,2.10331,-0.0470866
1715420056.016492540,2.10046,0.0208215
1715420056.066431338,2.04621,0.124364
1715420056.116460387,2.08243,0.0518974
1715420056.166473700,2.1089,0.150478
1715420056.216425310,2.09138,0.0815266
1715420056.266435806,2.09278,0.0146349
1715420056.316457953,2.09203,0.0614718
1715420056.366487287,2.04636,0.0348823
1715420056.416465073,2.0768,0.0534979
1715420056.466428840,2.072,0.0143098
1715420056.516477064,2.07498,0.0417553
1715420056.566519957,2.08176,0.0153806
1715420056.616465057,2.07704,0.0338384
1715420056.666430635,2.119,0.142622
1715420056.716471173,2.09096,0.0665029
1715420056.766457399,2.1051,0.0053754
1715420056.816459590,2.09561,0.0481612
1715420056.866426832,2.11294,0.0864531
1715420056.916454379,2.10159,0.0596625
1715420056.966473084,2.07697,0.0276992
1715420057.016480006,2.09352,0.0500848
1715420057.066438723,2.10948,0.0378588
1715420057.116431110,2.09898,0.046427
1715420057.166475006,2.0312,0.0175811
1715420057.216474700,2.07632,0.0377757
1715420057.266434713,2.07613,-0.00460551
1715420057.316446226,2.07611,0.0250414
1715420057.366464789,2.14731,0.0797937
1715420057.416517686,2.09988,0.0414559
1715420057.466425895,2.0461,0.0499419
1715420057.516485527,2.08183,0.0440189
1715420057.566477641,2.06274,0.0465175
1715420057.616483855,2.07523,0.0447919
1715420057.666431626,2.1083,0.0258701
1715420057.716430067,2.08629,0.039129
1715420057.766538966,2.09106,0.0805878
1715420057.816470348,2.0879,0.0515708
1715420057.866435519,2.04505,0.0595712
1715420057.916468343,2.07332,0.0539976
1715420057.966507869,2.0803,0.0857788
1715420058.016464869,2.07537,0.0635608
1715420058.066431218,2.12782,0.0216365
1715420058.116492154,2.09284,0.050972
1715420058.166485219,2.13939,0.10163
1715420058.216460414,2.10856,0.066221
1715420058.266423218,2.08202,0.0244617
1715420058.316466789,2.09981,0.0537237
1715420058.366479825,2.08842,0.00744732
1715420058.416535262,2.09613,0.0398349
1715420058.466431530,2.06224,0.0899163
1715420058.516481205,2.08478,0.054881
1715420058.566456880,2.0873,0.0035175
1715420058.616443587,2.08567,0.0394811
1715420058.666431650,2.05918,0.0226265
1715420058.716498314,2.07576,0.0344104
1715420058.766473474,2.08733,-0.0156227
1715420058.816429202,2.07947,0.0193497
1715420058.866432971,2.06717,0.0567541
1715420058.916469247,2.0751,0.0305488
1715420058.966472694,2.08874,0.10364
1715420059.016455808,2.07942,0.0525117
1715420059.066422881,2.07773,-0.0593046
1715420059.116432722,2.07885,0.0189292
1715420059.166474146,2.11782,0.0350123
1715420059.216538700,2.09188,0.0236884
1715420059.266428589,2.2,0.0398455
1715420059.316471042,1.95,0.0744489
1715420059.366479657,2.08989,0.00607646
1715420059.416433199,2.10324,0.0314007
1715420059.466434901,2.07899,0.072078
1715420059.516446756,2.09541,0.0436059
1715420059.566458865,2.10771,0.0533083
1715420059.616452319,2.0998,0.046531
1715420059.666424841,2.08907,-0.0136588
1715420059.716431929,2.09636,0.0284309
1715420059.766492856,2.08092,0.15601
1715420059.816441546,2.09117,0.0667258
1715420059.866452160,2.06915,0.0230034
1715420059.916435649,2.08363,0.0536022
1715420059.966461916,2.10239,0.0239491
1715420060.016449682,2.0898,0.0447002
1715420060.066439566,2.08293,0.100077
1715420060.116469340,2.0874,0.0613302
1715420060.166486788,2.05265,0.0110045
1715420060.216446243,2.07571,0.0462422
1715420060.266443692,2.08933,0.061912
1715420060.316455101,2.0803,0.0509725
1715420060.366442184,2.09485,0.105943
1715420060.416431325,2.08509,0.067493
1715420060.466998645,2.12787,-0.0542115
1715420060.516457935,2.09949,0.0309668
1715420060.566581960,2.10656,0.0870433
1715420060.616446774,2.10214,0.0477931
1715420060.666472666,2.14057,-0.352207
1715420060.716468793,2.11536,-0.27877
1715420060.766441697,2.08703,-0.201755
1715420060.816467929,2.10614,-0.256013
1715420060.866454499,1.96616,-0.656013
1715420060.916461579,2.11364,-0.467238
1715420060.966490900,2.13852,-0.510596
1715420061.016463381,2.1225,-0.480859
1715420061.066434004,1.30325,-0.880859
1715420061.116469107,1.69702,-0.746154
1715420061.166462100,0.547151,-1.14615
1715420061.216462369,0.825553,-1.04887
1715420061.266431635,0.68889,-1.09648
1715420061.316464717,0.780589,-1.06441
1715420061.366458035,0.645011,-1.11205
1715420061.416475591,0.736042,-1.07997
1715420061.466434820,0.932839,-1.00298
1715420061.516590778,0.792611,-1.05812
1715420061.566474975,0.767026,-1.06964
1715420061.616539336,0.781783,-1.06281
1715420061.666438625,0.852577,-1.04428
1715420061.716489537,0.799706,-1.05848
1715420061.766461655,0.4,-1.45848
1715420061.816431334,0.4,-1.29648
1715420061.866455630,1.24622,-0.896481
1715420061.916463860,2.08963,-0.496481
1715420061.966477428,2.05644,-0.0964813
1715420062.016440606,2.07852,0.303519
1715420062.066432379,1.81051,0.703519
1715420062.116437768,0.671316,1.10352
1715420062.166521134,0.454212,1.18094
1715420062.216446413,0.510897,1.16072
1715420062.266446767,0.4,1.21872
1715420062.316466282,0.457907,1.17942
1715420062.366461169,0.628632,1.11788
1715420062.416457504,0.505844,1.16224
1715420062.466434130,0.4,1.20975
1715420062.516483025,0.462318,1.17778
1715420062.566470528,0.421771,1.19191
1715420062.616436821,0.446166,1.18331
1715420062.666434360,0.558085,1.14232
1715420062.716471235,0.476343,1.17231
1715420062.766454664,0.584461,1.13161
1715420062.816504390,0.505782,1.16134
1715420062.866432496,0.41029,1.1963
1715420062.916462958,0.47398,1.17309
1715420062.966447270,0.4,1.25839
1715420063.016469620,0.400039,1.19999
1715420063.066432327,0.795229,1.05973
1715420063.116469399,0.513115,1.15915
1715420063.166428656,0.4,1.20441
1715420063.216467092,0.472157,1.17399
1715420063.266459653,1.67802,0.773994
1715420063.316456051,0.467182,1.17399
1715420063.366450152,0.469611,1.17471
1715420063.416465228,0.455996,1.17968
1715420063.466434154,0.467671,1.17568
1715420063.516518483,0.455919,1.17977
1715420063.566484098,0.4,1.23292
1715420063.616475018,1.50123,0.832923
1715420063.666445311,0.4,1.23292
1715420063.716440014,0.434887,1.18743
1715420063.766474745,0.4,1.24392
1715420063.816452516,0.4,1.20601
1715420063.866468904,0.405037,1.19818
1715420063.916460737,0.4,1.20554
1715420063.966470488,0.463626,1.17733
1715420064.016468711,0.402912,1.19895
1715420064.066470343,0.4,1.22034
1715420064.116465429,0.4,1.20755
1715420064.166454509,0.602317,1.12717
1715420064.216454018,0.439212,1.18593
1715420064.266462369,0.422917,1.19185
1715420064.316477698,0.427335,1.19022
1715420064.366485609,0.4,1.21987
1715420064.416466481,0.4,1.20166
1715420064.466470846,0.4,1.24611
1715420064.516463924,0.4,1.21752
1715420064.566476736,0.402316,1.19917
1715420064.616459315,0.4,1.21454
1715420064.666429627,0.411522,1.19591
1715420064.716456923,0.4,1.21147
1715420064.766460986,0.699739,1.09242
1715420064.816503151,0.460014,1.17849
1715420064.866425781,1.65239,0.778489
1715420064.916437375,2.11044,0.378489
1715420064.966455472,2.11198,0.0896037
1715420065.016469325,2.1113,0.0376541
1715420065.066432302,2.09324,0
1715420065.116471415,2.1057,0.0256629
1715420065.166459850,2.03797,-0.0320325
1715420065.216461456,2.08315,0.00699418
1715420065.266426764,2.07606,-0.0188741
1715420065.316471213,2.0807,0
1715420065.366467033,2.11778,-0.0385639
1715420065.416436971,2.09317,-0.0144563
1715420065.466431274,2.15295,0.00935423
1715420065.516434910,2.11353,-0.00869964
1715420065.566469957,2.12512,0.0175255
1715420065.616459863,2.11786,0
1715420065.666449314,2.1026,-0.0795678
1715420065.716431187,2.11345,-0.0268138
1715420065.766471475,2.04163,-0.0249738
1715420065.816481121,2.08996,-0.0276405
1715420065.866440077,2.07619,0.0463199
1715420065.916462185,2.0859,-0.00681734
1715420065.966465088,2.11387,-0.0245796
1715420066.016462745,2.09577,-0.0135454
1715420066.066487290,2.10348,-0.0405201
1715420066.116428105,2.09894,-0.0229982
1715420066.166458557,2.08961,0.0424433
1715420066.216461491,2.09621,-0.00471878
1715420066.266482697,2.07792,-0.07228
1715420066.316463219,2.09037,-0.0263055
1715420066.366430250,2.11677,-0.0541467
1715420066.416434953,2.09849,-0.036046
1715420066.466455054,2.0695,-0.0220569
1715420066.516471322,2.08919,-0.0332307
1715420066.566441355,2.08892,-0.0458976
1715420066.616457953,2.08937,-0.0383449
1715420066.666448334,2.10219,-0.0333348
1715420066.716447182,2.09275,-0.0382303
1715420066.766428114,2.15231,-0.0398581
1715420066.816466318,2.11324,-0.0401261
1715420066.866433937,2.1094,-0.0483905
1715420066.916472946,2.11257,-0.0440125
1715420066.966432917,2.07655,0.0099291
1715420067.016471377,2.10091,-0.0292084
1715420067.066431342,2.11569,-0.0542957
1715420067.116483398,2.10614,-0.0381281
1715420067.166430021,2.10605,0.00523254
1715420067.216430787,2.10644,-0.0264706
1715420067.266430474,2.12979,0.0399662
1715420067.316471497,2.11459,-0.00786891
1715420067.366430118,2.08126,-0.0399283
1715420067.416460137,2.10385,-0.0188363
1715420067.466423921,2.02625,-0.0824763
1715420067.516464018,2.07812,-0.0393138
1715420067.566491976,2.15432,-0.0124677
1715420067.616483934,2.10387,-0.0326293
1715420067.666432285,2.07016,-0.0440403
1715420067.716458741,2.09274,-0.0374188
1715420067.766468499,2.1095,-0.0382123
1715420067.816519213,2.09852,-0.0389819
1715420067.866431970,2.09877,-0.029592
1715420067.916476808,2.09835,-0.0361727
1715420067.966482963,2.09255,-0.0395263
1715420068.016465107,2.09613,-0.0372124
1715420068.066457816,2.07195,-0.112134
1715420068.116439500,2.08776,-0.0597362
1715420068.166493739,2.07593,-0.0264078
1715420068.216472302,2.08374,-0.0497543
1715420068.266431472,2.09889,-0.101958
1715420068.316467319,2.0888,-0.0654413
1715420068.366464408,2.06068,0.0116332
1715420068.416460646,2.07917,-0.0423065
1715420068.466434781,2.10497,-0.0593511
1715420068.516433733,2.08738,-0.0474216
1715420068.566496191,2.10045,-0.0425141
1715420068.616491718,2.09135,-0.0459586
1715420068.666485810,2.09712,-0.0324664
1715420068.716462371,2.09297,-0.0418896
1715420068.766476942,2.08754,0.0140099
1715420068.816447203,2.09114,-0.0250804
1715420068.866428039,2.07688,-0.131012
1715420068.916450191,2.08637,-0.056882
1715420068.966451763,2.08909,-0.0700092
1715420069.016449169,2.08715,-0.0608408
1715420069.066430092,2.05523,0.00476056
1715420069.116426416,2.07623,-0.0411499
1715420069.166436136,2.09329,-0.0977116
1715420069.216447427,2.08174,-0.0581497
1715420069.266478135,2.0994,-0.0249232
1715420069.316451361,2.0876,-0.048179
1715420069.366495391,2.05368,0.00521504
1715420069.416451205,2.07601,-0.0321306
1715420069.466426605,2.09618,-0.0175012
1715420069.516431754,2.08266,-0.0277118
1715420069.566481432,2.11545,-0.0208446
1715420069.616462196,2.09366,-0.0256152
1715420069.666428137,2.0915,0
1715420069.716439246,2.09293,-0.0185916
1715420069.766515161,2.09105,0.0234448
1715420069.816465295,2.09204,-0.00592377
1715420069.866428839,2.10686,-0.0845643
1715420069.916467440,2.0968,-0.0294833
1715420069.966501963,2.08971,-0.0590835
1715420070.016443339,2.09438,-0.0383593
1715420070.066431989,2.09203,-0.0140491
1715420070.116468586,2.09347,-0.0310458
1715420070.166510501,2.08405,-0.0663309
1715420070.216442869,2.09016,-0.0416378
1715420070.266428738,2.09717,-0.0454932
1715420070.316464731,2.09227,-0.0428251
1715420070.366477674,2.09653,-0.0150176
1715420070.416475966,2.09361,-0.0344934
1715420070.466432661,2.07049,-0.0184757
1715420070.516447322,2.08606,-0.0296719
1715420070.566468847,2.2,0.0319967
1715420070.616451191,1.95,-0.0555676
1715420070.666436618,2.10675,-0.104939
1715420070.716467486,2.10183,-0.0486266
1715420070.766527672,2.08768,-0.0180538
1715420070.816457369,2.09716,-0.0394554
1715420070.866487651,2.07234,-0.0850797
1715420070.916469971,2.0888,-0.0531621
1715420070.966474051,2.05735,-0.0105333
1715420071.016458085,2.07811,-0.0403772
1715420071.066480342,2.08763,-0.0136913
1715420071.116432989,2.08119,-0.0323406
1715420071.166514769,2.2,0.0608909
1715420071.216458841,1.95,-0.0555964
1715420071.266433711,2.14932,-0.100671
1715420071.316467814,2.10357,-0.0439745
1715420071.366453354,2.06088,-0.0181566
1715420071.416456439,2.17337,-0.0240343
1715420071.466428767,2.13467,-0.0215179
1715420071.516477082,2.12376,-0.0292303
1715420071.566475731,2.17525,-0.0813239
1715420071.616447798,2.14158,-0.0448576
1715420071.666460504,2.2,0.0340764
1715420071.716486554,2.17286,-0.0211543
1715420071.766481417,2.14996,-0.150989
1715420071.816448708,2.16609,-0.0601448
1715420071.866445934,2.19212,-0.14575
1715420071.916499634,2.17574,-0.0858596
1715420071.966526986,2.083,-0.0429018
1715420072.016474171,2.14546,-0.0729863
1715420072.066432649,2.15949,-0.073842
1715420072.116458624,2.06678,-0.0839638
1715420072.166486740,2.15632,0.0433172
1715420072.216460001,2.05035,-0.0325671
1715420072.266425566,2.11134,-0.141601
1715420072.316454982,2.10822,-0.0692003
1715420072.366499255,2.04051,-0.111643
1715420072.416433289,2.08555,-0.0819899
1715420072.466428251,2.09483,0.0224676
1715420072.516462791,2.08863,-0.0506788
1715420072.566486662,2.1324,-0.0128168
1715420072.616499568,2.1034,-0.0393358
1715420072.666433467,2.08997,-0.151893
1715420072.716470760,2.09893,-0.0731647
1715420072.766469276,2.06313,-0.0390905
1715420072.816459179,2.0868,-0.0630068
1715420072.866513711,2.09019,-0.0558278
1715420072.916461260,2.08776,-0.0608884
1715420072.966474992,2.11289,-0.071703
1715420073.016429211,2.09604,-0.0641616
1715420073.066433273,2.06443,-0.101818
1715420073.116462468,2.08526,-0.0755084
1715420073.166467468,2.15109,-0.0197807
1715420073.216455949,2.10726,-0.058809
1715420073.266429133,2.05124,-0.0861299
1715420073.316466874,2.08843,-0.0670322
1715420073.366492758,2.07148,-0.0687294
1715420073.416460888,2.08256,-0.0675783
1715420073.466430326,2.13373,-0.0913313
1715420073.516474068,2.09958,-0.0747547
1715420073.566446853,2.09841,-0.0235346
1715420073.616459940,2.0992,-0.0594338
1715420073.666487000,2.05679,-0.0439742
1715420073.716462361,2.08297,-0.0548022
1715420073.766450311,2.1479,0
1715420073.816457599,2.10458,-0.0389239
1715420073.866437417,2.06593,-0.00768267
1715420073.916462244,2.17568,-0.0373461
1715420073.966452536,2.13142,-0.0579832
1715420074.016457450,2.12401,-0.0397038
1715420074.066433181,2.14386,-0.161379
1715420074.116434614,2.2,-0.0653308
1715420074.166511100,2.14671,0.0339964
1715420074.216450729,2.15565,-0.0409151
1715420074.266430077,2.2,0.0583707
1715420074.316464048,2.18761,-0.0110912
1715420074.366477272,2.12823,-0.0562472
1715420074.416462683,2.2,-0.0312929
1715420074.466435226,2.2,-0.0335145
1715420074.516570834,2.2,-0.028692
1715420074.566446955,2.2,-0.141996
1715420074.616450519,2.2,-0.0477641
1715420074.666431278,2.18877,-0.0846445
1715420074.716481537,2.2,-0.0661967
1715420074.766443828,2.2,-0.12973
1715420074.816460263,2.2,-0.0852842
1715420074.866431122,2.2,-0.113026
1715420074.916474542,2.2,-0.0936147
1715420074.966456051,2.2,0.0251235
1715420075.016456288,2.2,-0.0579753
1715420075.066439978,2.2,-0.0254887
1715420075.116477732,2.2,-0.048198
1715420075.166453527,2.2,-0.130957
1715420075.216466699,2.2,-0.0730632
1715420075.266430466,2.2,-0.0958283
1715420075.316462082,2.2,-0.079904
1715420075.366488269,2.2,-0.067444
1715420075.416460752,2.2,-0.0761587
1715420075.466426044,2.2,-0.105802
1715420075.516466517,2.2,-0.0808134
1715420075.566456450,2.2,-0.0427481
1715420075.616498107,2.2,-0.0715245
1715420075.666431537,2.2,0.0510678
1715420075.716464175,2.2,-0.0347026
1715420075.766461448,2.2,0.0257131
1715420075.816428772,2.2,-0.0165247
1715420075.866429443,2.2,-0.147555
1715420075.916462490,2.2,-0.0558276
1715420075.966467092,2.2,-0.163038
1715420076.016457828,2.2,-0.0880174
1715420076.066428033,2.2,-0.0103464
1715420076.116481335,2.2,-0.0647035
1715420076.166484614,2.2,-0.0694818
1715420076.216466011,2.2,-0.066145
1715420076.266429680,2.2,-0.0279548
1715420076.316467086,2.2,-0.0546736
1715420076.366461386,2.2,-0.0975126
1715420076.416427085,2.2,-0.067525
1715420076.466431156,2.2,-0.110744
1715420076.516469909,2.2,-0.080497
1715420076.566475796,2.2,-0.0673187
1715420076.616463126,2.2,-0.0765628
1715420076.666426527,2.2,-0.0059252
1715420076.716464485,2.2,-0.0553721
1715420076.766475009,2.2,0
1715420076.816453355,2.2,-0.0377748
1715420076.866433275,2.2,0.0322628
1715420076.916473928,2.2,-0.0167473
1715420076.966476358,2.2,-0.0968328
1715420077.016463992,2.2,-0.040774
1715420077.066431074,2.2,-0.0214025
1715420077.116447730,2.2,-0.0349179
1715420077.166473359,2.2,-0.0267606
1715420077.216470054,2.2,-0.0324612
1715420077.266427193,2.2,0.0414605
1715420077.316446114,2.2,-0.0102837
1715420077.366480665,2.2,0.02454
1715420077.416459938,2.2,0
1715420077.466524968,2.2,0.0197951
1715420077.516469453,2.2,0.00611291
1715420077.566454475,2.2,-0.0678708
1715420077.616458437,2.2,-0.0160325
1715420077.666432699,2.2,-0.0946127
1715420077.716435151,2.2,-0.0395766
1715420077.766481202,2.2,0.00857603
1715420077.816465960,2.2,-0.025063
1715420077.866425282,2.2,-0.0405874
1715420077.916523411,2.2,-0.0296483
1715420077.966437867,2.2,-0.173639
1715420078.016459433,2.2,-0.0728629
1715420078.066452023,2.2,-0.0884964
1715420078.116442083,2.2,-0.0775866
1715420078.166486691,2.2,-0.120842
1715420078.216454529,2.2,-0.0905835
1715420078.266428340,2.2,-0.0793364
1715420078.316467402,2.2,-0.0872181
1715420078.366414007,2.2,0.00805342
1715420078.416458365,2.2,-0.0586171
1715420078.466434916,2.2,-0.121073
1715420078.516455255,2.2,-0.0773464
1715420078.566487369,2.2,-0.0653973
1715420078.616468677,2.2,-0.0737647
1715420078.666428922,2.2,-0.0517617
1715420078.716432196,2.2,-0.067201
1715420078.766474373,2.2,-0.131785
1715420078.816461049,2.2,-0.0866559
1715420078.866428024,2.2,-0.0457229
1715420078.916464059,2.2,-0.0743973
1715420078.966438919,2.2,-0.0861414
1715420079.016433046,2.2,-0.0779093
1715420079.066426536,2.2,-0.00824079
1715420079.116463392,2.2,-0.0570002
1715420079.166478541,2.2,-0.10562
1715420079.216459832,2.2,-0.0715925
1715420079.266429789,2.2,-0.0920775
1715420079.316474912,2.2,-0.0777644
1715420079.366460868,2.2,-0.12924
1715420079.416468369,2.2,-0.0932365
1715420079.466428579,2.2,-0.0434541
1715420079.516514684,2.2,-0.0782994
1715420079.566458137,2.2,-0.145535
1715420079.616426782,2.2,-0.098495
1715420079.666443866,2.2,-0.0465652
1715420079.716480585,2.2,-0.0829474
1715420079.766464051,2.2,-0.143669
1715420079.816468686,2.2,-0.101236
1715420079.866429498,2.2,-0.187287
1715420079.916471758,2.2,-0.127176
1715420079.966508369,2.2,-0.0891665
1715420080.016513105,2.2,-0.115858
1715420080.066400297,2.2,-0.155692
1715420080.116433572,2.2,-0.127913
1715420080.166521759,2.2,-0.185771
1715420080.216452336,2.2,-0.145398
1715420080.266428171,2.15689,-0.117433
1715420080.316438828,2.2,-0.137151
1715420080.366545037,2.2,-0.0862512
1715420080.416462516,2.2,-0.122019
1715420080.466433640,2.2,-0.250523
1715420080.516434317,2.2,-0.160758
1715420080.566525188,2.2,-0.23197
1715420080.616455676,2.2,-0.182308
1715420080.666429257,2.2,-0.17575
1715420080.716459993,2.2,-0.180498
1715420080.766472560,2.2,-0.0803199
1715420080.816464882,2.2,-0.150585
1715420080.866429022,2.2,-0.0604478
1715420080.916435964,2.2,-0.123648
1715420080.966479913,2.2,-0.0761919
1715420081.016436890,2.2,-0.10945
1715420081.066437705,2.2,-0.210931
1715420081.116434885,2.2,-0.139962
1715420081.166475619,2.2,-0.108559
1715420081.216448852,2.2,-0.130584
1715420081.266450048,2.2,-0.154071
1715420081.316516137,2.2,-0.137685
1715420081.366483244,2.2,-0.172065
1715420081.416461031,2.2,-0.148097
1715420081.466430611,2.2,-0.193379
1715420081.516461315,2.2,-0.161775
1715420081.566492397,2.2,-0.126402
1715420081.616479856,2.2,-0.151248
1715420081.666437350,2.2,-0.0469995
1715420081.716468277,2.2,-0.12003
1715420081.766511504,2.2,-0.104893
1715420081.816431551,2.2,-0.115519
1715420081.866436106,2.2,-0.120433
1715420081.916441323,2.2,-0.117038
1715420081.966452417,2.16925,-0.0169543
1715420082.016430092,2.2,-0.0870203
1715420082.066429437,2.2,-0.0746482
1715420082.116472229,2.2,-0.0833354
1715420082.166479285,2.2,0.0151207
1715420082.216428659,2.2,-0.0537753
1715420082.266458618,2.2,-0.244886
1715420082.316444950,2.2,-0.111143
1715420082.366488810,2.2,-0.185017
1715420082.416576738,2.2,-0.133348
1715420082.466449124,2.2,-0.0662041
1715420082.516437161,2.2,-0.113241
1715420082.566478713,2.2,-0.0662306
1715420082.616431597,2.2,-0.0991356
1715420082.666428398,2.2,-0.108663
1715420082.716459440,2.2,-0.102012
1715420082.766481138,2.2,-0.111947
1715420082.816510494,2.2,-0.104994
1715420082.866430448,2.2,-0.0703977
1715420082.916466473,2.2,-0.0945755
1715420082.966525384,2.2,-0.127545
1715420083.016460573,2.2,-0.104451
1715420083.066434975,2.2,-0.113213
1715420083.116425867,2.2,-0.107053
1715420083.166493333,2.2,-0.225648
1715420083.216503140,2.2,-0.142626
1715420083.266434535,2.2,-0.120627
1715420083.316464555,2.2,-0.136023
1715420083.366442174,2.2,-0.103739
1715420083.416457292,2.2,-0.126341
1715420083.466492100,2.17387,-0.0723877
1715420083.516463806,2.2,-0.110096
1715420083.566435760,2.2,-0.121242
1715420083.616486486,2.2,-0.113361
1715420083.666428937,2.2,0
1715420083.716459913,2.2,-0.0786317
1715420083.766452170,2.2,-0.113411
1715420083.816470768,2.2,-0.088995
1715420083.866454957,2.2,-0.112435
1715420083.916456094,2.2,-0.0959953
1715420083.966466866,2.2,-0.079916
1715420084.016458201,2.2,-0.0911504
1715420084.066461147,2.16887,-0.069412
1715420084.116585814,2.2,-0.084566
1715420084.166472947,2.2,-0.141079
1715420084.216478724,2.2,-0.101487
1715420084.266432698,2.2,-0.0263596
1715420084.316539601,2.2,-0.078882
1715420084.366460077,2.2,-0.0116938
1715420084.416430578,2.2,-0.0586245
1715420084.466432387,2.2,-0.124764
1715420084.516459862,2.2,-0.0783724
1715420084.566529261,2.2,-0.0922431
1715420084.616435493,2.2,-0.0824565
1715420084.666435533,2.2,-0.0924466
1715420084.716465554,2.2,-0.0854152
1715420084.766912316,2.2,-0.0475682
1715420084.816465079,2.2,-0.0740151
1715420084.866436381,2.2,-0.123521
1715420084.916517707,2.2,-0.088836
1715420084.966506794,2.19563,-0.0768123
1715420085.016460340,2.2,-0.0852281
1715420085.066483651,2.2,0.0727007
1715420085.116431186,2.2,-0.0377991
1715420085.166604220,2.2,-0.0790325
1715420085.216457194,2.2,-0.0501663
1715420085.266431485,2.15713,-0.12366
1715420085.316487019,2.2,-0.0721717
1715420085.366477461,2.2,-0.0507464
1715420085.416459497,2.2,-0.0656689
1715420085.466436175,2.2,-0.0991874
1715420085.516464250,2.2,-0.0756835
1715420085.566571243,2.2,-0.164495
1715420085.616469579,2.2,-0.102332
1715420085.666430572,2.2,-0.0168719
1715420085.716541968,2.2,-0.076667
1715420085.766468871,2.2,0.017709
1715420085.816467217,2.2,-0.0482917
1715420085.866432148,2.2,-0.0187693
1715420085.916458459,2.2,-0.0393742
1715420085.966503793,2.2,-0.0233209
1715420086.016461938,2.2,-0.0344808
1715420086.066431656,2.2,-0.0905782
1715420086.116477207,2.2,-0.0512487
1715420086.166434823,2.2,-0.104132
1715420086.216457555,2.2,-0.0670299
1715420086.266430090,2.2,0
1715420086.316456846,2.2,-0.0470644
1715420086.366475595,2.17569,-0.0383806
1715420086.416434522,2.2,-0.0443686
1715420086.466436715,2.2,-0.0915521
1715420086.516470370,2.2,-0.0584674
1715420086.566517758,2.2,0
1715420086.616476327,2.2,-0.0416435
1715420086.666485975,2.2,-0.117777
1715420086.716457557,2.2,-0.0644697
1715420086.766504678,2.17438,-0.0109086
1715420086.816466592,2.2,-0.0483574
1715420086.866438756,2.2,0.0322684
1715420086.916443590,2.2,-0.0240903
1715420086.966433974,2.2,-0.0986116
1715420087.016424431,2.2,-0.0463982
1715420087.066426313,2.2,-0.0417896
1715420087.116466545,2.2,-0.0449729
1715420087.166487030,2.2,0.122157
1715420087.216428391,2.2,0.00528467
1715420087.266419124,2.2,0.0116061
1715420087.316514630,2.2,0.00727642
1715420087.366460150,2.2,-0.0263015
1715420087.417407050,2.2,0
1715420087.466460700,2.2,0.102119
1715420087.516462200,2.2,0.0288398
1715420087.566443021,2.2,0.0302589
1715420087.616460216,2.2,0.0293899
1715420087.666430489,2.2,0.181453
1715420087.716467839,2.2,0.0751882
1715420087.766427696,2.2,0
1715420087.816461503,2.2,0.0520209
1715420087.866427182,2.2,0
1715420087.916482536,2.2,0.0369008
1715420087.966456779,2.2,0.075079
1715420088.016493612,2.2,0.0485028
1715420088.066590360,2.16762,0.21041
1715420088.116430919,2.2,0.0972248
1715420088.166445372,2.2,0.0558318
1715420088.216536504,2.2,0.0849567
1715420088.266426315,2.2,0.0326636
1715420088.316433539,2.2,0.0694257
1715420088.368322291,2.2,0.174818
1715420088.416459906,2.2,0.101229
1715420088.466433877,2.2,0.27755
1715420088.516491254,2.2,0.154382
1715420088.566457508,2.2,0.223315
1715420088.616432214,2.2,0.175372
1715420088.666446716,2.2,0.290478
1715420088.716464159,2.2,0.210224
1715420088.766553972,2.2,0.299711
1715420088.816465082,2.2,0.237389
1715420088.866449147,2.2,0.238332
1715420088.916459052,2.2,0.237981
1715420088.966471083,2.2,0.228059
1715420089.016482942,2.2,0.235304
1715420089.066426410,2.2,0.355115
1715420089.116540462,2.2,0.271607
1715420089.166526744,2.19056,0.403061
1715420089.216440163,2.2,0.311466
1715420089.266449878,2.2,0.3447
1715420089.316471543,2.2,0.321847
1715420089.366493752,2.2,0.394787
1715420089.416463007,2.2,0.344162
1715420089.466432319,2.2,0.265372
1715420089.516426833,2.2,0.320947
1715420089.566482605,2.2,0.341559
1715420089.616456998,2.2,0.327541
1715420089.666431922,2.2,0.346823
1715420089.716468920,2.2,0.333768
1715420089.766479196,2.2,0.426836
1715420089.816460686,2.2,0.362144
1715420089.866424554,2.2,0.234331
1715420089.916474771,2.2,0.324185
1715420089.966510775,2.2,0.396747
1715420090.016460820,2.2,0.346388
1715420090.066468728,2.2,0.475209
1715420090.116456084,2.2,0.385511
1715420090.166673170,2.2,0.265057
1715420090.216428974,2.2,0.349754
1715420090.266427223,2.2,0.302601
1715420090.316453893,2.2,0.335969
1715420090.366473226,2.2,0.206106
1715420090.416425708,2.2,0.297338
1715420090.466436337,2.2,0.39803
1715420090.516465237,2.2,0.327872
1715420090.566462445,2.2,0.242168
1715420090.616458244,2.2,0.302458
1715420090.666431187,2.2,0.327622
1715420090.716429464,2.2,0.310261
1715420090.766472518,2.2,0.313661
1715420090.816451274,2.2,0.311562
1715420090.866431481,2.2,0.319722
1715420090.916442885,2.2,0.314312
1715420090.966442291,2.2,0.261411
1715420091.016473509,2.2,0.298712
1715420091.066434285,2.2,0.245339
1715420091.116473480,2.2,0.282897
1715420091.166475770,2.2,0.0880301
1715420091.216434420,2.2,0.224582
1715420091.266428505,2.2,0.214361
1715420091.316480622,2.2,0.221675
1715420091.366499945,2.2,0.156339
1715420091.416460840,2.2,0.202175
1715420091.466433137,2.2,0.235979
1715420091.516449466,2.2,0.212369
1715420091.566634104,2.2,0.184721
1715420091.616470380,2.2,0.204095
1715420091.666433633,2.2,0.295634
1715420091.716480359,2.2,0.231569
1715420091.766518723,2.2,0.162491
1715420091.816464563,2.2,0.210804
1715420091.866442646,2.2,0.134077
1715420091.916486461,2.2,0.187718
1715420091.966443422,2.2,-0.0493501
1715420092.016487194,2.2,0.116452
1715420092.066433621,2.2,0.0336046
1715420092.116430953,2.2,0.0913838
1715420092.166443115,2.2,0.171431
1715420092.216455573,2.2,0.115167
1715420092.266431058,2.2,0.0164383
1715420092.316458495,2.2,0.0852721
1715420092.366505946,2.2,0.0338282
1715420092.416468288,2.2,0.0695207
1715420092.466444111,2.2,0.0633562
1715420092.516484448,2.2,0.067378
1715420092.566467094,2.2,0.0732379
1715420092.616471179,2.2,0.0688377
1715420092.666425664,2.2,0.0433345
1715420092.716474426,2.2,0.0608734
1715420092.766619522,2.2,-0.0138676
1715420092.816472179,2.2,0.0380809
1715420092.866448825,2.2,0.098903
1715420092.916446939,2.2,0.0560216
1715420092.966473664,2.2,-0.0382146
1715420093.016444637,2.2,0.0273882
1715420093.066471037,2.2,0.0672269
1715420093.116460633,2.2,0.0389472
1715420093.166478266,2.2,-0.0240908
1715420093.216457678,2.2,0.0196629
1715420093.266429861,2.2,-0.109637
1715420093.316428657,2.2,-0.0195279
1715420093.366473536,2.2,-0.0530281
1715420093.416455002,2.2,-0.0299457
1715420093.466426319,2.2,-0.0429176
1715420093.516430403,2.2,-0.0342436
1715420093.566530584,2.2,-0.00650048
1715420093.616448492,2.2,-0.0262882
1715420093.666431845,2.2,0.0509221
1715420093.716468941,2.2,0
1715420093.766685065,2.2,0.00579491
1715420093.816469465,2.2,0
1715420093.866441891,2.2,-0.134176
1715420093.916462667,2.2,-0.0413774
1715420093.966463958,2.2,-0.0461241
1715420094.016429985,2.2,-0.0431804
1715420094.066467406,2.2,-0.16565
1715420094.116519770,2.2,-0.0803238
1715420094.166494152,2.2,-0.0695999
1715420094.216459514,2.2,-0.0774391
1715420094.266426490,2.2,-0.062861
1715420094.316430546,2.2,-0.0733896
1715420094.366451201,2.2,-0.121865
1715420094.416437136,2.2,-0.0882502
1715420094.466431323,2.2,-0.119214
1715420094.516464779,2.2,-0.0978795
1715420094.566463229,2.2,0.0345611
1715420094.616635927,2.2,-0.0584328
1715420094.666425156,2.2,-0.128566
1715420094.716434424,2.2,-0.0798132
1715420094.766443429,2.2,-0.0824426
1715420094.816462878,2.2,-0.0809198
1715420094.866434643,2.2,-0.16047
1715420094.916448770,2.2,-0.105104
1715420094.966438149,2.2,-0.103417
1715420095.016481532,2.2,-0.104835
1715420095.066442706,2.2,-0.16553
1715420095.116462965,2.2,-0.123273
1715420095.166476671,2.2,-0.0265586
1715420095.216430900,2.2,-0.0944832
1715420095.266428812,2.2,-0.153148
1715420095.316472061,2.2,-0.112293
1715420095.366468602,2.2,-0.0982603
1715420095.416424431,2.2,-0.108272
1715420095.466426777,2.2,-0.0422581
1715420095.516465079,2.2,-0.0886316
1715420095.566471968,2.2,-0.160663
1715420095.616452236,2.2,-0.110432
1715420095.666519138,2.2,-0.0853112
1715420095.716469759,2.2,-0.103069
1715420095.766513512,2.2,-0.165168
1715420095.816429047,2.2,-0.121868
1715420095.866429341,2.2,-0.197362
1715420095.916472525,2.2,-0.144731
1715420095.966464462,2.2,-0.197233
1715420096.016461812,2.2,-0.160683
1715420096.066479858,2.2,-0.1989
1715420096.116466117,2.2,-0.172376
1715420096.166487500,2.2,-0.0856832
1715420096.216464816,2.2,-0.146545
1715420096.266432639,2.2,-0.160144
1715420096.316460062,2.2,-0.150762
1715420096.366530481,2.2,-0.163625
1715420096.416439342,2.2,-0.154752
1715420096.466432478,2.2,-0.245293
1715420096.516456818,2.2,-0.182071
1715420096.566478319,2.2,-0.263923
1715420096.616441571,2.2,-0.206821
1715420096.666441892,2.2,-0.229334
1715420096.716472559,2.2,-0.213803
1715420096.766488899,2.2,-0.149609
1715420096.816461805,2.2,-0.194755
1715420096.866424646,2.2,-0.319785
1715420096.916502698,2.2,-0.232471
1715420096.966452831,2.2,-0.224102
1715420097.016449425,2.2,-0.230163
1715420097.066430336,2.2,-0.245465
1715420097.116494563,2.2,-0.234919
1715420097.166460748,2.2,-0.232014
1715420097.216427857,2.2,-0.234217
1715420097.266429075,2.2,-0.377175
1715420097.316448438,2.2,-0.277326
1715420097.366460632,2.2,-0.0456054
1715420097.416494983,2.2,-0.207937
1715420097.466428377,2.2,-0.226142
1715420097.516467336,2.2,-0.213522
1715420097.566486237,2.2,-0.285942
1715420097.616461453,2.2,-0.23544
1715420097.666429986,2.2,-0.232136
1715420097.716454969,2.2,-0.234617
1715420097.766450584,2.2,-0.308303
1715420097.816458499,2.2,-0.256914
1715420097.866427118,2.2,-0.289937
1715420097.916429595,2.2,-0.266997
1715420097.966533766,2.2,-0.305762
1715420098.016424268,2.2,-0.278816
1715420098.066429885,2.2,-0.417211
1715420098.116500760,2.2,-0.320551
1715420098.166530707,2.2,-0.270405
1715420098.216474816,2.2,-0.305739
1715420098.266434484,2.2,-0.187961
1715420098.316453233,2.2,-0.270578
1715420098.366488031,2.2,-0.24459
1715420098.416431022,2.2,-0.26295
1715420098.466431578,2.2,-0.296432
1715420098.516459951,2.2,-0.273196
1715420098.566467817,2.2,-0.21919
1715420098.616457831,2.2,-0.257153
1715420098.666434694,2.2,-0.151207
1715420098.716446643,2.2,-0.225501
1715420098.766442881,2.2,-0.382569
1715420098.816471351,2.2,-0.272785
1715420098.866424925,2.2,-0.387583
1715420098.916506529,2.2,-0.307402
1715420098.966476605,2.2,-0.293242
1715420099.016450029,2.2,-0.303308
1715420099.066429334,2.2,-0.318154
1715420099.116433405,2.2,-0.307908
1715420099.166468797,2.2,-0.288642
1715420099.216432151,2.2,-0.302298
1715420099.266433762,2.2,-0.251428
1715420099.316464252,2.2,-0.287185
1715420099.366448816,2.2,-0.271544
1715420099.416462776,2.2,-0.28263
1715420099.466427071,2.2,-0.30497
1715420099.516460912,2.2,-0.289447
1715420099.566491999,2.2,-0.238949
1715420099.616462493,2.2,-0.274367
1715420099.666430895,2.2,-0.306677
1715420099.716461851,2.2,-0.284133
1715420099.766562720,2.2,-0.356293
1715420099.816591820,2.2,-0.305901
1715420099.866428147,2.2,-0.235307
1715420099.916440413,2.2,-0.284776
1715420099.966534009,2.2,-0.284303
1715420100.016462626,2.2,-0.28469
1715420100.066432929,2.2,-0.297823
1715420100.116460254,2.2,-0.288685
1715420100.166431924,2.2,-0.281465
1715420100.216492643,2.2,-0.286572
1715420100.266429328,2.2,-0.202468
1715420100.316424216,2.2,-0.261317
1715420100.366450968,2.2,-0.337062
1715420100.416458128,2.2,-0.284122
1715420100.466434658,2.2,-0.236373
1715420100.516462431,2.2,-0.269855
1715420100.566460074,2.2,-0.316606
1715420100.616450832,2.2,-0.28393
1715420100.666432106,2.2,-0.254639
1715420100.716448622,2.2,-0.275184
1715420100.766459808,2.2,-0.298742
1715420100.816460113,2.2,-0.282275
1715420100.866427594,2.2,-0.251337
1715420100.916425549,2.2,-0.272996
1715420100.966481614,2.2,-0.233804
1715420101.016493959,2.2,-0.261214
1715420101.066436159,2.2,-0.260398
1715420101.116428881,2.2,-0.260898
1715420101.166502819,2.2,-0.323244
1715420101.216459616,2.2,-0.279569
1715420101.266443096,2.2,-0.391862
1715420101.316460586,2.2,-0.313302
1715420101.366453010,2.2,-0.0072138
1715420101.416423272,2.2,-0.221425
1715420101.466422896,2.2,-0.200502
1715420101.516442766,2.2,-0.21508
1715420101.566623697,2.2,-0.154372
1715420101.616432599,2.2,-0.196797
1715420101.666426730,2.2,-0.137498
1715420101.716456084,2.2,-0.178952
1715420101.766485368,2.2,-0.259294
1715420101.816431295,2.2,-0.202974
1715420101.866431717,2.2,-0.23765
1715420101.916465743,2.2,-0.213269
1715420101.966504229,2.2,-0.32001
1715420102.016460660,2.2,-0.245224
1715420102.066442065,2.2,-0.281482
1715420102.116469594,2.2,-0.256042
1715420102.166655949,2.2,-0.23039
1715420102.216461683,2.2,-0.248285
1715420102.266449007,2.2,-0.24943
1715420102.316433924,2.2,-0.248584
1715420102.366466183,2.2,-0.148772
1715420102.416425987,2.2,-0.218568
1715420102.466429656,2.2,-0.224237
1715420102.516427476,2.2,-0.220191
1715420102.566436647,2.19171,-0.299231
1715420102.616508242,2.2,-0.243868
1715420102.666433991,2.2,-0.23898
1715420102.716464110,2.2,-0.242355
1715420102.766486576,2.2,-0.216897
1715420102.816575193,2.2,-0.234638
1715420102.866437897,2.2,-0.158361
1715420102.916473252,2.2,-0.211673
1715420102.966473135,2.2,-0.151161
1715420103.016467613,2.2,-0.193417
1715420103.066437768,2.2,-0.0906537
1715420103.116531081,2.2,-0.162447
1715420103.166471485,2.2,-0.220756
1715420103.216463064,2.2,-0.17982
1715420103.266431080,2.2,-0.115314
1715420103.316453729,2.2,-0.160356
1715420103.366471879,2.2,-0.151028
1715420103.416476242,2.2,-0.157416
1715420103.466498182,2.2,-0.194041
1715420103.516468666,2.2,-0.16829
1715420103.566506068,2.2,-0.0308532
1715420103.616435082,2.2,-0.126884
1715420103.666432104,2.2,-0.177961
1715420103.716426262,2.2,-0.142059
1715420103.766479375,2.2,-0.223859
1715420103.816464744,2.2,-0.166471
1715420103.866499191,2.2,0.00432759
1715420103.916434580,2.2,-0.115056
1715420103.966480174,2.2,-0.12285
1715420104.016465469,2.2,-0.117234
1715420104.066462780,2.2,-0.022401
1715420104.116426450,2.2,-0.0885927
1715420104.166556858,2.2,-0.0806349
1715420104.216463914,2.2,-0.0859899
1715420104.266435483,2.2,-0.0959249
1715420104.316447114,2.2,-0.0887202
1715420104.366466631,2.2,0.0320949
1715420104.416460482,2.2,-0.0522885
1715420104.466426843,2.17879,-0.0545892
1715420104.516451086,2.2,-0.0527994
1715420104.566555644,2.2,0.00605945
1715420104.616439864,2.2,-0.0349631
1715420104.666430895,2.2,-0.0545392
1715420104.716432803,2.2,-0.0406842
1715420104.766539984,2.2,0.0191467
1715420104.816466532,2.2,-0.0225355
1715420104.866435548,2.2,0.0612928
1715420104.916476721,2.2,0
1715420104.966440767,2.2,0.049463
1715420105.016529389,2.2,0.0171276
1715420105.066435034,2.2,0.107465
1715420105.116572823,2.2,0.0445635
1715420105.166553456,2.2,0.0971842
1715420105.216437565,2.2,0.0606936
1715420105.266444077,2.2,0.0636724
1715420105.316431552,2.2,0.0619324
1715420105.366435591,2.2,0.187299
1715420105.416432064,2.2,0.0998962
1715420105.466460624,2.2,0.185082
1715420105.516463094,2.2,0.125837
1715420105.566516780,2.2,0.0306558
1715420105.616464668,2.2,0.0976615
1715420105.666459809,2.2,0.150345
1715420105.716464773,2.2,0.113862
1715420105.766467158,2.2,0.239325
1715420105.816462198,2.2,0.15193
1715420105.866445897,2.2,0.185656
1715420105.916493343,2.2,0.162463
1715420105.966503296,2.2,0.261825
1715420106.016458399,2.2,0.192699
1715420106.066432217,2.2,0.198218
1715420106.116451487,2.2,0.194749
1715420106.166441579,2.2,0.284996
1715420106.216436742,2.2,0.222269
1715420106.266435250,2.2,0.29928
1715420106.316431037,2.2,0.245821
1715420106.366443496,2.2,0.304994
1715420106.416463848,2.2,0.264039
1715420106.466434736,2.2,0.192693
1715420106.516465379,2.2,0.24309
1715420106.566445773,2.2,0.207308
1715420106.616510090,2.2,0.232751
1715420106.666455567,2.2,0.334442
1715420106.716458740,2.2,0.263705
1715420106.766435869,2.2,0.229428
1715420106.816467581,2.2,0.253886
1715420106.866434467,2.2,0.302732
1715420106.916464326,2.2,0.268961
1715420106.966438408,2.2,0.205805
1715420107.016460255,2.2,0.250417
1715420107.066425098,2.2,0.32558
1715420107.116435939,2.2,0.273362
1715420107.166504496,2.2,0.336778
1715420107.216473736,2.2,0.292802
1715420107.266433361,2.2,0.320685
1715420107.316429762,2.2,0.300272
1715420107.366516615,2.2,0.428569
1715420107.416440617,2.2,0.339839
1715420107.466437148,2.16779,0.28466
1715420107.516469637,2.2,0.323697
1715420107.566528108,2.2,0.417908
1715420107.616455338,2.2,0.352384
1715420107.666427884,2.1697,0.332008
1715420107.716436799,2.2,0.346694
1715420107.766605514,2.2,0.43821
1715420107.816463290,2.2,0.374583
1715420107.866430652,2.2,0.366998
1715420107.916468701,2.2,0.37271
1715420107.966431509,2.2,0.370728
1715420108.016450534,2.2,0.372502
1715420108.066456789,2.2,0.444583
1715420108.116629804,2.2,0.394506
1715420108.166487439,2.2,0.503272
1715420108.216464318,2.2,0.427535
1715420108.266430185,2.2,0.4247
1715420108.316470852,2.2,0.427082
1715420108.366480893,2.2,0.24188
1715420108.416472870,2.2,0.371813
1715420108.466428895,2.2,0.394084
1715420108.516466080,2.2,0.378765
1715420108.566503817,2.2,0.433022
1715420108.616448168,2.2,0.395363
1715420108.666432809,2.2,0.48892
1715420108.716457985,2.2,0.423765
1715420108.766461325,2.2,0.409912
1715420108.816631992,2.2,0.419897
1715420108.866474480,2.2,0.420764
1715420108.916442217,2.2,0.386106
1715420108.966433416,2.14448,0.407416
1715420109.016463185,2.2,0.409546
1715420109.066438816,2.2,0.389714
1715420109.116469826,2.2,0.403819
1715420109.166557855,2.2,0.481399
1715420109.216460445,2.2,0.42731
1715420109.266442227,2.2,0.397244
1715420109.316473352,2.2,0.418471
1715420109.366468505,2.2,0.404256
1715420109.416442605,2.2,0.414363
1715420109.466464550,2.2,0.491026
1715420109.516466424,2.2,0.437568
1715420109.566460372,2.2,0.335971
1715420109.616471778,2.2,0.407273
1715420109.666459111,2.2,0.408697
1715420109.716461672,2.2,0.407851
1715420109.766478432,2.2,0.336642
1715420109.816452021,2.16895,0.431242
1715420109.866426479,2.2,0.389299
1715420109.916469797,2.2,0.396934
1715420109.966469305,2.2,0.42567
1715420110.016447670,2.2,0.405719
1715420110.066428857,2.2,0.333455
1715420110.116539818,2.2,0.384153
1715420110.166488478,2.2,0.405069
1715420110.216471959,2.2,0.390528
1715420110.266434052,2.2,0.401354
1715420110.316460037,2.2,0.39387
1715420110.366497060,2.2,0.361299
1715420110.416433105,2.2,0.384138
1715420110.466430470,2.2,0.381481
1715420110.516482062,2.2,0.383399
1715420110.566533744,2.2,0.326497
1715420110.616469246,2.2,0.366335
1715420110.666433106,2.2,0.237923
1715420110.716464656,2.2,0.327781
1715420110.766510958,2.2,0.335259
1715420110.816432593,2.2,0.329966
1715420110.866429945,2.2,0.25827
1715420110.916463045,2.2,0.308377
1715420110.966500108,2.2,-0.0916232
1715420111.016451168,2.2,0.160585
1715420111.066435049,2.2,0.198517
1715420111.116455431,2.2,0.171706
1715420111.166460821,2.2,0.236291
1715420111.216430814,2.2,0.190809
1715420111.266437307,2.2,0.091871
1715420111.316442185,2.2,0.160822
1715420111.366443702,2.2,0.0952903
1715420111.416497100,2.2,0.140897
1715420111.466432303,2.2,0.161895
1715420111.516440526,2.2,0.146932
1715420111.567228329,2.2,0.146649
1715420111.616454273,2.2,0.146563
1715420111.666452611,2.2,0.0958272
1715420111.716462409,2.2,0.13101
1715420111.766492321,2.2,0.122246
1715420111.816473194,2.2,0.12805
1715420111.866429831,2.2,0.128972
1715420111.916461226,2.2,0.128003
1715420111.966506864,2.2,0.0246071
1715420112.016469602,2.2,0.0966311
1715420112.066478249,2.2,0.0575171
1715420112.116445790,2.2,0.0845375
1715420112.166471129,2.2,0.117367
1715420112.216466415,2.2,0.0940119
1715420112.266440128,2.2,0.0169353
1715420112.316573587,2.2,0.0704985
1715420112.366485036,2.2,0.193528
1715420112.416438899,2.2,0.107064
1715420112.466442299,2.2,0.0448212
1715420112.516468835,2.2,0.0880003
1715420112.566444850,2.2,-0.0178413
1715420112.616466312,2.2,0.0558558
1715420112.666442542,2.2,0.0177256
1715420112.716482280,2.2,0.0440113
1715420112.766518306,2.2,0.113888
1715420112.816482677,2.2,0.0646081
1715420112.866442035,2.2,0.161378
1715420112.916430862,2.2,0.0933033
1715420112.966473105,2.2,0.191012
1715420113.016446115,2.2,0.122304
1715420113.066452733,2.2,0
1715420113.116452221,2.2,0.085284
1715420113.166608701,2.2,0.0385386
1715420113.216503960,2.2,0.0709082
1715420113.266435195,2.2,0.0390599
1715420113.316429566,2.2,0.0609872
1715420113.366477435,2.2,0.163783
1715420113.416465247,2.2,0.0915055
1715420113.466462404,2.2,0.131624
1715420113.516463589,2.2,0.103235
1715420113.566438380,2.2,-0.0394417
1715420113.616455324,2.2,0.0600972
1715420113.666454075,2.2,0.0518572
1715420113.716455885,2.2,0.0573312
1715420113.766487031,2.2,0.128638
1715420113.816450551,2.2,0.078451
1715420113.866447182,2.2,0.131371
1715420113.916471927,2.2,0.0940971
1715420113.966528365,2.2,0.0123766
1715420114.016491562,2.2,0.0694905
1715420114.066494066,2.2,-0.0369667
1715420114.116477808,2.2,0.0374137
1715420114.166551693,2.2,-0.0127035
1715420114.216464964,2.2,0.0221999
1715420114.266433146,2.2,0.0341397
1715420114.316481063,2.2,0.0256409
1715420114.366525361,2.2,0.0852758
1715420114.416483699,2.2,0.0434329
1715420114.466448888,2.2,0.0376391
1715420114.516459798,2.2,0.0415872
1715420114.566470144,2.2,-0.0155578
1715420114.616461001,2.2,0.0243167
1715420114.666432510,2.2,-0.0936231
1715420114.716466787,2.2,-0.011215
1715420114.766528129,2.2,-0.119551
1715420114.816430734,2.2,-0.0438995
1715420114.866433967,2.2,0.0144016
1715420114.916453141,2.2,-0.0265734
1715420114.966495305,2.2,-0.0144306
1715420115.016458401,2.2,-0.0230556
1715420115.066432328,2.2,-0.0464861
1715420115.116468399,2.2,-0.0302044
1715420115.166479786,2.2,-0.0664512
1715420115.216460846,2.2,-0.0412217
1715420115.266426344,2.2,0.0626131
1715420115.316519263,2.2,-0.0101531
1715420115.366528906,2.2,-0.170468
1715420115.416436918,2.2,-0.0584257
1715420115.466431100,2.2,-0.0642933
1715420115.516474184,2.2,-0.0603451
1715420115.566495308,2.2,-0.0493944
1715420115.616433138,2.2,-0.0571793
1715420115.666432648,2.2,0
1715420115.716461584,2.2,-0.0409402
1715420115.766492925,2.2,-0.11312
1715420115.816470133,2.2,-0.0627305
1715420115.866431853,2.2,-0.0743322
1715420115.916477605,2.2,-0.0663843
1715420115.966449393,2.2,-0.138078
1715420116.016467658,2.2,-0.0881234
1715420116.066431339,2.2,-0.0683558
1715420116.116495606,2.2,-0.0823756
1715420116.166567644,2.2,-0.120325
1715420116.216445669,2.2,-0.09394
1715420116.266466519,2.2,-0.121115
1715420116.316495282,2.2,-0.102271
1715420116.366443210,2.2,-0.184914
1715420116.416452952,2.2,-0.127305
1715420116.466436164,2.2,-0.0980714
1715420116.516465563,2.2,-0.11878
1715420116.566445820,2.17323,-0.13013
1715420116.616441746,2.2,-0.122385
1715420116.666438979,2.2,-0.137039
1715420116.716485232,2.2,-0.126984
1715420116.766674326,2.11142,-0.166004
1715420116.816462821,2.2,-0.13893
1715420116.866437229,2.09309,-0.190045
1715420116.916477813,2.2,-0.152931
1715420116.966521662,1.95,-0.0960621
1715420117.016470669,2.2,-0.136886
1715420117.066430407,2.2,-0.15835
1715420117.116463524,2.2,-0.143523
1715420117.166517084,2.19495,-0.0650479
1715420117.216483837,2.2,-0.120135
1715420117.266463652,2.11506,-0.0950529
1715420117.316458821,2.18013,-0.112761
1715420117.366493736,2.2,-0.186635
1715420117.416435161,1.98358,-0.13365
1715420117.466431140,2.15128,-0.109003
1715420117.516467153,2.15306,-0.12716
1715420117.566604725,2.13759,-0.156391
1715420117.616469187,2.14817,-0.136104
1715420117.666437990,1.94797,-0.104695
1715420117.716478521,2.08102,-0.126805
1715420117.766471599,2.08467,-0.212671
1715420117.816478329,2.08183,-0.152681
1715420117.866427615,2.2,-0.11244
1715420117.916440595,2.15658,-0.140731
1715420117.966504448,1.97791,-0.204797
1715420118.016465846,2.09677,-0.1601
1715420118.066428702,2.18246,-0.132733
1715420118.116478566,2.12533,-0.152021
1715420118.166483779,2.09702,-0.0948162
1715420118.216490890,2.1158,-0.134959
1715420118.266431990,2.09661,-0.234714
1715420118.316436579,2.10936,-0.165054
1715420118.366464296,2.04093,-0.14255
1715420118.416508052,2.08613,-0.158409
1715420118.466440173,2.05989,-0.161876
1715420118.516435586,2.07677,-0.159555
1715420118.566471862,2.10703,-0.224212
1715420118.616435637,2.08648,-0.179084
1715420118.666431265,2.10931,-0.0832441
1715420118.716450664,2.09371,-0.150449
1715420118.766440334,2.16192,-0.129572
1715420118.816461520,2.11635,-0.144271
1715420118.866432261,2.13063,-0.113579
1715420118.916461853,2.12075,-0.135135
1715420118.966472897,2.13263,-0.192547
1715420119.016470634,2.12434,-0.152425
1715420119.066435027,2.0716,-0.11451
1715420119.116550291,2.10582,-0.141111
1715420119.166493861,2.0814,-0.141328
1715420119.216433010,2.09641,-0.141223
1715420119.266432372,2.09351,-0.125155
1715420119.316467002,2.09372,-0.136436
1715420119.366481167,2.08119,-0.186964
1715420119.416466452,2.08657,-0.151616
1715420119.466430021,2.06476,-0.0455294
1715420119.516431292,2.07626,-0.119786
1715420119.566461445,2.05145,-0.257493
1715420119.616436891,2.06464,-0.161137
1715420119.666435337,2.05649,-0.101882
1715420119.716461023,2.05873,-0.143374
1715420119.766462594,2.2,-0.158242
1715420119.816469754,2.12347,-0.14784
1715420119.866433917,2.11582,-0.20018
1715420119.916470122,2.11809,-0.163548
1715420119.966495525,1.91388,-0.155503
1715420120.016478311,2.04687,-0.161158
1715420120.066440207,2.10469,-0.14577
1715420120.116443919,2.06307,-0.156553
1715420120.166451719,2.01736,-0.139347
1715420120.216470591,2.04462,-0.151423
1715420120.266429323,2.2,-0.134491
1715420120.316483647,2.11498,-0.146378
1715420120.366554923,2.04599,-0.14535
1715420120.416441664,2.09023,-0.146079
1715420120.466428679,2.07367,-0.198986
1715420120.516461934,2.08388,-0.161988
1715420120.566637508,2.11921,-0.154239
1715420120.616471132,2.09507,-0.159687
1715420120.666433745,2.13744,-0.0588847
1715420120.716465205,2.10924,-0.129447
1715420120.766436053,1.8711,-0.222647
1715420120.816448137,2.02945,-0.15741
1715420120.866435695,2.07563,-0.149899
1715420120.916475812,2.04495,-0.155171
1715420120.966495675,2.03244,-0.145615
1715420121.016494367,2.04027,-0.152293
1715420121.066428589,2.02276,-0.168055
1715420121.116487531,2.03422,-0.157026
1715420121.166451940,2.05025,-0.0886619
1715420121.216577943,2.03906,-0.136517
1715420121.266447627,2.02345,-0.219064
1715420121.316457389,2.03341,-0.161275
1715420121.366551364,2.2,-0.0730415
1715420121.416443021,2.10509,-0.134777
1715420121.466434784,1.89099,-0.191281
1715420121.516413524,2.03353,-0.151718
1715420121.566519684,2.2,-0.172842
1715420121.616462345,2.1066,-0.158031
1715420121.666457517,2.13849,-0.0411683
1715420121.716470092,2.11829,-0.12294
1715420121.766534417,2.12209,-0.150793
1715420121.816467621,2.12051,-0.131281
1715420121.866434608,2.17566,-0.111001
1715420121.916443762,2.13997,-0.125185
1715420121.966485552,2.11097,-0.10056
1715420122.016439993,2.13098,-0.117758
1715420122.066431140,2.08939,-0.0893186
1715420122.116469565,2.11755,-0.10919
1715420122.166453056,2.03241,-0.106695
1715420122.216475505,2.0892,-0.108404
1715420122.266436676,2.04692,-0.250937
1715420122.316472687,2.07518,-0.15118
1715420122.366451520,2.11147,0.0133262
1715420122.416431546,2.0876,-0.101772
1715420122.466431175,2.10239,-0.216285
1715420122.516435498,2.09292,-0.136145
1715420122.566443234,2.08333,-0.097388
1715420122.616467221,2.09012,-0.124476
1715420122.666516137,2.05782,-0.122094
1715420122.716443136,2.07969,-0.123739
1715420122.766576473,2.14566,-0.109999
1715420122.816467186,2.10239,-0.119585
1715420122.866438613,2.17355,-0.180161
1715420122.916468060,2.12714,-0.137729
1715420122.966477185,2.11656,-0.0604864
1715420123.016454291,2.12379,-0.114504
1715420123.066431268,2.09657,-0.183354
1715420123.116459449,2.11529,-0.135135
1715420123.166486341,2.06012,-0.0932233
1715420123.216448565,2.2,-0.162973
1715420123.266456081,1.95,-0.131627
1715420123.316461725,2.09133,-0.133742
1715420123.366561554,2.10699,-0.115109
1715420123.416541971,2.09712,-0.128132
1715420123.466435892,2.0873,-0.169495
1715420123.516468951,2.09366,-0.140518
1715420123.566438376,2.13141,-0.160109
1715420123.616457415,2.10637,-0.146381
1715420123.666456219,2.12237,-0.13096
1715420123.716478492,2.11183,-0.141769
1715420123.766482243,2.18066,-0.132081
1715420123.816469774,2.13502,-0.138842
1715420123.866425755,2.12374,-0.0838142
1715420123.916464930,2.13198,-0.122297
1715420123.966439729,2.07217,-0.123832
1715420124.016478291,2.1128,-0.122725
1715420124.067304320,2.11125,-0.109138
1715420124.116479666,2.11298,-0.118606
1715420124.166458315,2.07794,-0.176238
1715420124.216462565,2.10191,-0.135896
1715420124.266436262,2.11356,-0.0852554
1715420124.316459584,2.10645,-0.120659
1715420124.366437418,2.16672,-0.14818
1715420124.416430795,2.12745,-0.128909
1715420124.466432375,2.13186,-0.134442
1715420124.516499387,2.12933,-0.130546
1715420124.566479121,2.09567,-0.0531633
1715420124.616472495,2.11892,-0.107275
1715420124.666445420,2.0656,-0.184932
1715420124.716466568,2.10075,-0.130582
1715420124.766460332,2.12027,-0.174105
1715420124.816457225,2.10688,-0.143654
1715420124.866427804,2.07342,-0.170719
1715420124.916443888,2.09507,-0.151804
1715420124.966475696,2.10953,-0.0647856
1715420125.016435460,2.09928,-0.125708
1715420125.066443307,2.07949,-0.189866
1715420125.116459935,2.09214,-0.144997
1715420125.166450257,2.14535,-0.129269
1715420125.216473959,2.10984,-0.140315
1715420125.266483268,2.1877,-0.121407
1715420125.316448188,2.13633,-0.134625
1715420125.366464449,2.14979,-0.112157
1715420125.416462428,2.14139,-0.127914
1715420125.466431954,2.08602,-0.175019
1715420125.516445979,2.12318,-0.142053
1715420125.566429727,2.2,-0.0795581
1715420125.616456144,1.95,-0.0856676
1715420125.666467975,2.08029,-0.188659
1715420125.716439118,2.09329,-0.135016
1715420125.766465658,2.11645,-0.16545
1715420125.816462019,2.10111,-0.144174
1715420125.866439717,2.14378,-0.0501805
1715420125.916506339,2.11533,-0.115952
1715420125.966540898,2.2,-0.19667
1715420126.016453518,2.14527,-0.140197
1715420126.066457399,2.16085,-0.117508
1715420126.116429706,2.15063,-0.133388
1715420126.166474097,2.09165,-0.107724
1715420126.216469158,2.13098,-0.125685
1715420126.266432989,2.08141,-0.10543
1715420126.316435222,2.11445,-0.119592
1715420126.366456213,2.1239,-0.190046
1715420126.416449439,2.11654,-0.140743
1715420126.466495822,2.14201,-0.136044
1715420126.516473394,2.1253,-0.139332
1715420126.566471304,2.13358,-0.151715
1715420126.616494535,2.12841,-0.143043
1715420126.666431664,2.13599,-0.122009
1715420126.716521689,2.13116,-0.136727
1715420126.766553250,2.16623,-0.0887448
1715420126.816493279,2.14315,-0.122314
1715420126.866437593,2.11436,-0.147081
1715420126.916457534,2.13345,-0.129752
1715420126.966473504,2.08697,-0.015111
1715420127.016472833,2.11771,-0.095329
1715420127.066460561,2.07404,-0.201161
1715420127.116518563,2.10297,-0.127088
1715420127.166492982,2.12811,-0.153757
1715420127.216450468,2.11129,-0.135088
1715420127.266445943,2.10953,-0.146759
1715420127.316439808,2.11077,-0.138609
1715420127.366444125,2.06817,-0.0981212
1715420127.416470489,2.09642,-0.12646
1715420127.466495794,2.08472,-0.157103
1715420127.516584172,2.09208,-0.135659
1715420127.566498781,2.12838,-0.118699
1715420127.616465382,2.10387,-0.130597
1715420127.666452123,2.09545,-0.123916
1715420127.716452828,2.10086,-0.12859
1715420127.766533779,2.17251,-0.153854
1715420127.816452988,2.12506,-0.136161
1715420127.866433009,2.2,-0.140851
1715420127.916432611,2.15233,-0.137551
1715420127.966561248,2.11836,-0.0970789
1715420128.016476437,2.14152,-0.125409
1715420128.066433887,2.05274,-0.168926
1715420128.116437561,2.11208,-0.138457
1715420128.166486582,2.0827,-0.128952
1715420128.216438287,2.10235,-0.1356
1715420128.266477275,2.13806,-0.101894
1715420128.316460294,2.11436,-0.125478
1715420128.366498020,2.17879,-0.2071
1715420128.416434482,2.13593,-0.149989
1715420128.466440991,2.16038,-0.0423862
1715420128.516436654,2.14411,-0.117681
1715420128.566439824,2.13318,-0.0970616
1715420128.616431841,2.14057,-0.111489
1715420128.666452443,2.10837,-0.203442
1715420128.716463377,2.12819,-0.13908
1715420128.766444692,2.12169,-0.096411
1715420128.816461655,2.12645,-0.126259
1715420128.866431698,2.16351,-0.078327
1715420128.916427571,2.13929,-0.111875
1715420128.966482745,2.12667,-0.182902
1715420129.016445702,2.13534,-0.133175
1715420129.066451524,2.14507,-0.1025
1715420129.116465692,2.13846,-0.123962
1715420129.166502354,2.08427,-0.145037
1715420129.216467814,2.12018,-0.13029
1715420129.266463026,2.10257,-0.168124
1715420129.316469625,2.11424,-0.141665
1715420129.366457853,2.13987,-0.134052
1715420129.416515237,2.12287,-0.13938
1715420129.466434878,2.07704,-0.10079
1715420129.516454790,2.10741,-0.12779
1715420129.566441815,2.09701,-0.208617
1715420129.616659907,2.10365,-0.152048
1715420129.666439923,2.16881,-0.153687
1715420129.716449346,2.12532,-0.152558
1715420129.766446714,2.18655,-0.132899
1715420129.816462144,2.14584,-0.146688
1715420129.866435450,2.16132,-0.0980192
1715420129.916474979,2.15118,-0.13209
1715420129.966441046,2.11126,-0.133922
1715420130.016493140,2.13806,-0.132682
1715420130.066496861,2.12245,-0.174654
1715420130.116473821,2.13315,-0.145294
1715420130.166447388,2.08442,-0.105082
1715420130.216468292,2.11701,-0.133228
1715420130.266457940,2.09742,-0.184885
1715420130.316436290,2.11047,-0.148737
1715420130.366456541,2.15131,-0.138953
1715420130.416486719,2.12435,-0.145823
1715420130.466436721,2.10979,-0.155816
1715420130.516712035,2.1198,-0.148836
1715420130.566478366,2.06319,-0.140432
1715420130.616447862,2.10093,-0.146332
1715420130.666429823,2.06906,-0.179444
1715420130.716467825,2.09013,-0.156297
1715420130.766449161,2.10094,-0.0963799
1715420130.816444744,2.09344,-0.138324
1715420130.866478838,2.08423,-0.184543
1715420130.916466680,2.08972,-0.152206
1715420130.966446025,2.09542,-0.0305278
1715420131.016470079,2.091,-0.115691
1715420131.066441739,2.17214,-0.225077
1715420131.116507019,2.11813,-0.148518
1715420131.166451393,2.12198,-0.183241
1715420131.216473636,2.11964,-0.158961
1715420131.266459332,2.09956,-0.0561968
1715420131.316488349,2.11294,-0.128135
1715420131.366476076,2.13486,-0.208265
1715420131.416459610,2.12007,-0.152176
1715420131.466435507,2.12026,-0.0593446
1715420131.516458982,2.11985,-0.124334
1715420131.566450718,2.12479,-0.231619
1715420131.616467783,2.12128,-0.15657
1715420131.666451365,2.14918,-0.0891822
1715420131.716463204,2.13062,-0.13635
1715420131.766474965,2.12782,-0.190971
1715420131.816479566,2.12974,-0.152766
1715420131.866439227,2.14036,-0.075899
1715420131.916485474,2.13322,-0.129726
1715420131.966451029,2.09504,-0.121099
1715420132.016475124,2.12033,-0.12713
1715420132.066507604,2.09858,-0.112768
1715420132.116436419,2.11279,-0.12282
1715420132.166458071,2.15062,-0.0954291
1715420132.216456841,2.12549,-0.114584
1715420132.266504645,2.1112,-0.169129
1715420132.316491482,2.12083,-0.130935
1715420132.366452322,2.16388,-0.142403
1715420132.416466998,2.13535,-0.134369
1715420132.466450488,2.11841,-0.112409
1715420132.516465963,2.13,-0.127781
1715420132.566447020,2.12287,-0.0655014
1715420132.616494779,2.12793,-0.109048
1715420132.666435515,2.10611,-0.199211
